Field,RA,DEC
HYDRA-0011,150.77,-23.91
HYDRA-0012,152.31,-23.91
HYDRA-0013,153.85,-23.91
HYDRA-0014,155.38,-23.91
HYDRA-0015,156.93,-23.91
HYDRA-0016,158.46,-23.91
HYDRA-0017,160.00,-23.91
HYDRA-0018,161.54,-23.91
HYDRA-0019,163.08,-23.91
HYDRA-0020,164.62,-23.91
HYDRA-0021,151.17,-25.30
HYDRA-0022,152.73,-25.30
HYDRA-0023,154.29,-25.30
HYDRA-0024,155.85,-25.30
HYDRA-0025,157.40,-25.30
HYDRA-0026,158.96,-25.30
HYDRA-0027,160.52,-25.30
HYDRA-0028,162.08,-25.30
HYDRA-0029,163.64,-25.30
HYDRA-0030,150.00,-26.69
HYDRA-0031,151.58,-26.69
HYDRA-0032,153.16,-26.69
HYDRA-0033,154.74,-26.69
HYDRA-0034,156.32,-26.69
HYDRA-0035,157.90,-26.69
HYDRA-0036,159.48,-26.69
HYDRA-0037,161.05,-26.69
HYDRA-0038,162.63,-26.69
HYDRA-0039,164.21,-26.69
HYDRA-0040,151.33,-28.08
HYDRA-0041,152.92,-28.08
HYDRA-0042,154.51,-28.08
HYDRA-0043,156.10,-28.08
HYDRA-0044,157.70,-28.08
HYDRA-0045,159.29,-28.08
HYDRA-0046,160.88,-28.08
HYDRA-0047,162.48,-28.08
HYDRA-0048,164.07,-28.08
HYDRA-0049,150.13,-29.46
HYDRA-0050,151.75,-29.46
HYDRA-0051,153.36,-29.46
HYDRA-0052,154.98,-29.46
HYDRA-0053,156.59,-29.46
HYDRA-0054,158.21,-29.46
HYDRA-0055,159.82,-29.46
HYDRA-0056,161.43,-29.46
HYDRA-0057,163.05,-29.46
HYDRA-0058,164.66,-29.46
HYDRA-0059,150.55,-30.85
HYDRA-0060,152.18,-30.85
HYDRA-0061,153.82,-30.85
HYDRA-0062,155.45,-30.85
HYDRA-0063,157.09,-30.85
HYDRA-0064,158.73,-30.85
HYDRA-0065,160.36,-30.85
HYDRA-0066,162.00,-30.85
HYDRA-0067,163.64,-30.85
HYDRA-0068,150.97,-32.23
HYDRA-0069,152.63,-32.23
HYDRA-0070,154.29,-32.23
HYDRA-0071,155.95,-32.23
HYDRA-0072,157.60,-32.23
HYDRA-0073,159.26,-32.23
HYDRA-0074,160.92,-32.23
HYDRA-0075,162.58,-32.23
HYDRA-0076,164.24,-32.23
HYDRA-0077,150.42,-33.61
HYDRA-0078,152.11,-33.61
HYDRA-0079,153.80,-33.61
HYDRA-0080,155.49,-33.61
HYDRA-0081,157.18,-33.61
HYDRA-0082,158.88,-33.61
HYDRA-0083,160.56,-33.61
HYDRA-0084,162.25,-33.61
HYDRA-0085,163.94,-33.61
HYDRA-0086,150.86,-34.99
HYDRA-0087,152.57,-34.99
HYDRA-0088,154.29,-34.99
HYDRA-0089,156.00,-34.99
HYDRA-0091,159.43,-34.99
HYDRA-0092,161.14,-34.99
HYDRA-0093,162.86,-34.99
HYDRA-0094,164.57,-34.99
HYDRA-0095,151.30,-36.36
HYDRA-0096,153.04,-36.36
HYDRA-0097,154.78,-36.36
HYDRA-0098,156.52,-36.36
HYDRA-0099,158.26,-36.36
HYDRA-0100,160.00,-36.36
HYDRA-0101,161.74,-36.36
HYDRA-0102,163.48,-36.36
HYDRA-0103,150.74,-37.74
HYDRA-0104,152.51,-37.74
HYDRA-0105,154.29,-37.74
HYDRA-0106,156.06,-37.74
HYDRA-0107,157.83,-37.74
HYDRA-0108,159.60,-37.74
HYDRA-0109,161.38,-37.74
HYDRA-0110,163.15,-37.74
HYDRA-0111,164.93,-37.74
HYDRA-0112,150.15,-39.11
HYDRA-0113,151.96,-39.11
HYDRA-0114,153.77,-39.11
HYDRA-0115,155.58,-39.11
HYDRA-0116,157.39,-39.11
HYDRA-0117,159.20,-39.11
HYDRA-0118,161.00,-39.11
HYDRA-0119,162.81,-39.11
HYDRA-0120,164.63,-39.11
HYDRA-0121,151.38,-40.48
HYDRA-0122,153.23,-40.48
HYDRA-0123,155.08,-40.48
HYDRA-0124,156.93,-40.48
HYDRA-0125,158.77,-40.48
HYDRA-0126,160.62,-40.48
HYDRA-0127,162.46,-40.48
HYDRA-0128,164.31,-40.48
HYDRA-0129,150.78,-41.84
HYDRA-0130,152.67,-41.84
HYDRA-0131,154.55,-41.84
HYDRA-0132,156.44,-41.84
HYDRA-0133,158.33,-41.84
HYDRA-0134,160.21,-41.84
HYDRA-0135,162.10,-41.84
HYDRA-0136,163.98,-41.84
HYDRA-0137,150.16,-43.21
HYDRA-0138,152.09,-43.21
HYDRA-0139,154.01,-43.21
HYDRA-0140,155.94,-43.21
HYDRA-0141,157.86,-43.21
HYDRA-0142,159.79,-43.21
HYDRA-0143,161.71,-43.21
HYDRA-0144,163.64,-43.21
HYDRA-0145,151.48,-44.57
HYDRA-0146,153.44,-44.57
HYDRA-0147,155.41,-44.57
HYDRA-0148,157.38,-44.57
HYDRA-0149,159.35,-44.57
HYDRA-0150,161.31,-44.57
HYDRA-0151,163.28,-44.57
HYDRA-0152,150.84,-45.93
HYDRA-0153,152.85,-45.93
HYDRA-0154,154.86,-45.93
HYDRA-0155,156.87,-45.93
HYDRA-0156,158.88,-45.93
HYDRA-0157,160.90,-45.93
HYDRA-0158,162.90,-45.93
HYDRA-0159,164.92,-45.93
HYDRA-0160,150.17,-47.28
HYDRA-0161,152.23,-47.28
HYDRA-0162,154.29,-47.28
HYDRA-0163,156.34,-47.28
HYDRA-0164,158.40,-47.28
HYDRA-0165,160.46,-47.28
HYDRA-0166,162.51,-47.28
HYDRA-0167,164.57,-47.28
HYDRA-D-0001,158.35,-34.64
HYDRA-D-0002,156.68,-34.63
HYDRA-D-0003,158.37,-36.01
HYDRA-D-0004,156.67,-36.01
MC0001,67.69,-63.27
MC0002,70.77,-63.27
MC0003,73.85,-63.27
MC0004,76.93,-63.27
MC0005,80.00,-63.27
MC0006,83.08,-63.27
MC0007,86.15,-63.27
MC0008,89.23,-63.27
MC0009,92.31,-63.27
MC0010,95.38,-63.27
MC0011,67.50,-64.57
MC0012,70.71,-64.57
MC0013,73.93,-64.57
MC0014,77.14,-64.57
MC0015,80.36,-64.57
MC0016,83.57,-64.57
MC0017,86.79,-64.57
MC0018,90.00,-64.57
MC0019,93.21,-64.57
MC0020,96.43,-64.57
MC0021,70.65,-65.86
MC0022,74.02,-65.86
MC0023,77.38,-65.86
MC0024,80.75,-65.86
MC0025,84.11,-65.86
MC0026,87.48,-65.86
MC0027,90.84,-65.86
MC0028,94.20,-65.86
MC0029,70.59,-67.15
MC0030,74.12,-67.15
MC0031,77.65,-67.15
MC0032,81.18,-67.15
MC0033,84.70,-67.15
MC0034,88.23,-67.15
MC0035,91.77,-67.15
MC0036,95.30,-67.15
MC0037,70.52,-68.43
MC0038,74.23,-68.43
MC0039,77.94,-68.43
MC0040,81.65,-68.43
MC0041,85.36,-68.43
MC0042,89.07,-68.43
MC0043,92.78,-68.43
MC0044,96.50,-68.43
MC0045,3.95,-69.71
MC0046,7.91,-69.71
MC0047,11.87,-69.71
MC0048,15.83,-69.71
MC0049,19.78,-69.71
MC0050,23.74,-69.71
MC0051,27.69,-69.71
MC0052,31.65,-69.71
MC0053,35.60,-69.71
MC0054,39.56,-69.71
MC0055,43.52,-69.71
MC0056,47.47,-69.71
MC0057,51.43,-69.71
MC0058,55.38,-69.71
MC0059,59.34,-69.71
MC0060,63.30,-69.71
MC0061,67.25,-69.71
MC0062,71.21,-69.71
MC0063,75.17,-69.71
MC0064,79.12,-69.71
MC0065,83.08,-69.71
MC0066,87.03,-69.71
MC0067,90.99,-69.71
MC0068,94.95,-69.71
MC0069,4.19,-70.97
MC0070,8.37,-70.97
MC0071,12.56,-70.97
MC0072,16.75,-70.97
MC0073,20.93,-70.97
MC0074,25.12,-70.97
MC0075,29.30,-70.97
MC0076,33.49,-70.97
MC0077,37.68,-70.97
MC0078,41.86,-70.97
MC0079,46.05,-70.97
MC0080,50.23,-70.97
MC0081,54.42,-70.97
MC0082,58.60,-70.97
MC0083,62.79,-70.97
MC0084,66.98,-70.97
MC0085,71.16,-70.97
MC0086,75.35,-70.97
MC0087,79.53,-70.97
MC0088,83.72,-70.97
MC0089,87.91,-70.97
MC0090,92.09,-70.97
MC0091,96.28,-70.97
MC0092,4.45,-72.22
MC0093,8.89,-72.22
MC0094,13.33,-72.22
MC0095,17.78,-72.22
MC0096,22.22,-72.22
MC0097,26.67,-72.22
MC0098,31.11,-72.22
MC0099,35.55,-72.22
MC0100,40.00,-72.22
MC0101,44.45,-72.22
MC0102,48.89,-72.22
MC0103,53.33,-72.22
MC0104,57.78,-72.22
MC0105,62.22,-72.22
MC0106,66.67,-72.22
MC0107,71.11,-72.22
MC0108,75.55,-72.22
MC0109,80.00,-72.22
MC0110,84.45,-72.22
MC0111,88.89,-72.22
MC0112,93.33,-72.22
MC0113,4.74,-73.46
MC0114,9.48,-73.46
MC0115,14.21,-73.46
MC0116,18.95,-73.46
MC0117,23.68,-73.46
MC0118,28.42,-73.46
MC0119,33.16,-73.46
MC0120,37.90,-73.46
MC0121,42.63,-73.46
MC0122,47.37,-73.46
MC0123,52.10,-73.46
MC0124,56.84,-73.46
MC0125,61.58,-73.46
MC0126,66.32,-73.46
MC0127,71.05,-73.46
MC0128,75.79,-73.46
MC0129,80.53,-73.46
MC0130,85.26,-73.46
MC0131,90.00,-73.46
MC0132,94.74,-73.46
MC0133,5.14,-74.69
MC0134,10.29,-74.69
MC0135,15.43,-74.69
MC0136,20.57,-74.69
MC0137,25.71,-74.69
MC0138,30.86,-74.69
MC0139,36.00,-74.69
MC0140,41.14,-74.69
MC0141,46.29,-74.69
MC0142,51.43,-74.69
MC0143,56.57,-74.69
MC0144,61.71,-74.69
MC0145,66.86,-74.69
MC0146,72.00,-74.69
MC0147,77.14,-74.69
MC0148,82.29,-74.69
MC0149,87.43,-74.69
MC0150,92.57,-74.69
SPLUS-d020,101.83,-9.90
SPLUS-d023,106.14,-9.90
SPLUS-d024,107.57,-9.90
SPLUS-d025,109.00,-9.90
SPLUS-d029,96.48,-11.31
SPLUS-d035,105.12,-11.31
SPLUS-d036,106.56,-11.31
SPLUS-d037,108.00,-11.31
SPLUS-d038,109.44,-11.31
SPLUS-d043,95.81,-12.72
SPLUS-d049,104.52,-12.72
SPLUS-d050,105.97,-12.72
SPLUS-d051,107.42,-12.72
SPLUS-d052,108.87,-12.72
SPLUS-d057,93.28,-14.12
SPLUS-d058,94.74,-14.12
SPLUS-d059,96.20,-14.12
SPLUS-d061,99.11,-14.12
SPLUS-d065,104.94,-14.12
SPLUS-d073,95.12,-15.52
SPLUS-d074,96.58,-15.52
SPLUS-d088,94.43,-16.93
SPLUS-d090,97.38,-16.93
SPLUS-d097,107.70,-16.93
SPLUS-d098,109.18,-16.93
SPLUS-d106,98.18,-18.33
SPLUS-d115,111.57,-18.33
SPLUS-d120,96.00,-19.72
SPLUS-d121,97.50,-19.72
SPLUS-d130,111.00,-19.72
SPLUS-d137,98.32,-21.12
SPLUS-d138,99.83,-21.12
SPLUS-d139,101.35,-21.12
SPLUS-d142,105.88,-21.12
SPLUS-d152,97.63,-22.52
SPLUS-d153,99.15,-22.52
SPLUS-d154,100.68,-22.52
SPLUS-d161,111.35,-22.52
SPLUS-d168,98.46,-23.91
SPLUS-d169,100.00,-23.91
SPLUS-d170,101.54,-23.91
SPLUS-d172,104.62,-23.91
SPLUS-d177,112.31,-23.91
SPLUS-d178,113.85,-23.91
SPLUS-d179,115.38,-23.91
SPLUS-d181,118.46,-23.91
SPLUS-d184,99.74,-25.30
SPLUS-d185,101.30,-25.30
SPLUS-d187,104.42,-25.30
SPLUS-d188,105.98,-25.30
SPLUS-d190,109.09,-25.30
SPLUS-d196,118.44,-25.30
SPLUS-d200,99.48,-26.69
SPLUS-d201,101.05,-26.69
SPLUS-d202,102.63,-26.69
SPLUS-d203,104.21,-26.69
SPLUS-d207,110.53,-26.69
SPLUS-d209,113.68,-26.69
SPLUS-d210,115.26,-26.69
SPLUS-d211,116.84,-26.69
SPLUS-d213,120.00,-26.69
SPLUS-d215,123.16,-26.69
SPLUS-d216,100.35,-28.08
SPLUS-d218,103.54,-28.08
SPLUS-d220,106.73,-28.08
SPLUS-d223,111.50,-28.08
SPLUS-d224,113.10,-28.08
SPLUS-d226,116.28,-28.08
SPLUS-d227,117.88,-28.08
SPLUS-d228,119.47,-28.08
SPLUS-d231,124.25,-28.08
SPLUS-d232,101.70,-29.46
SPLUS-d233,103.32,-29.46
SPLUS-d235,106.55,-29.46
SPLUS-d236,108.16,-29.46
SPLUS-d239,113.00,-29.46
SPLUS-d240,114.62,-29.46
SPLUS-d242,117.85,-29.46
SPLUS-d243,119.46,-29.46
SPLUS-d245,122.69,-29.46
SPLUS-d246,124.30,-29.46
SPLUS-d247,125.92,-29.46
SPLUS-d248,101.45,-30.85
SPLUS-d249,103.09,-30.85
SPLUS-d250,104.73,-30.85
SPLUS-d251,106.36,-30.85
SPLUS-d252,108.00,-30.85
SPLUS-d253,109.64,-30.85
SPLUS-d254,111.27,-30.85
SPLUS-d255,112.91,-30.85
SPLUS-d256,114.55,-30.85
SPLUS-d257,116.18,-30.85
SPLUS-d258,117.82,-30.85
SPLUS-d259,119.45,-30.85
SPLUS-d260,121.09,-30.85
SPLUS-d261,122.73,-30.85
SPLUS-d262,124.36,-30.85
SPLUS-d263,126.00,-30.85
SPLUS-d264,127.64,-30.85
SPLUS-d266,104.52,-32.23
SPLUS-d267,106.18,-32.23
SPLUS-d270,111.15,-32.23
SPLUS-d271,112.81,-32.23
SPLUS-d273,116.13,-32.23
SPLUS-d274,117.79,-32.23
SPLUS-d276,121.10,-32.23
SPLUS-d278,124.43,-32.23
SPLUS-d279,126.08,-32.23
SPLUS-d280,127.74,-32.23
SPLUS-d282,104.79,-33.61
SPLUS-d283,106.48,-33.61
SPLUS-d288,114.93,-33.61
SPLUS-d294,125.07,-33.61
SPLUS-d295,126.76,-33.61
SPLUS-d297,104.57,-34.99
SPLUS-d298,106.29,-34.99
SPLUS-d304,116.57,-34.99
SPLUS-d306,120.00,-34.99
SPLUS-d308,123.43,-34.99
SPLUS-d309,125.14,-34.99
SPLUS-d310,126.86,-34.99
SPLUS-d313,104.35,-36.36
SPLUS-d321,118.26,-36.36
SPLUS-d324,123.48,-36.36
SPLUS-d325,125.22,-36.36
SPLUS-d326,126.96,-36.36
SPLUS-d328,130.43,-36.36
SPLUS-d329,132.18,-36.36
SPLUS-d330,104.63,-37.74
SPLUS-d331,106.40,-37.74
SPLUS-d336,115.27,-37.74
SPLUS-d343,127.68,-37.74
SPLUS-d344,129.46,-37.74
SPLUS-d345,131.23,-37.74
SPLUS-d346,133.00,-37.74
SPLUS-d347,106.73,-39.11
SPLUS-d356,123.02,-39.11
SPLUS-d358,126.63,-39.11
SPLUS-d360,130.25,-39.11
SPLUS-d361,132.06,-39.11
SPLUS-d362,133.87,-39.11
SPLUS-d375,129.23,-40.48
SPLUS-d376,131.08,-40.48
SPLUS-d377,132.93,-40.48
SPLUS-d386,120.63,-41.84
SPLUS-d390,128.17,-41.84
SPLUS-d391,130.05,-41.84
SPLUS-d392,131.94,-41.84
SPLUS-d393,133.82,-41.84
SPLUS-d406,130.91,-43.21
SPLUS-d407,132.83,-43.21
SPLUS-d420,131.80,-44.57
SPLUS-d421,133.77,-44.57
SPLUS-d433,132.74,-45.93
SPLUS-d434,134.75,-45.93
SPLUS-d435,111.09,-47.28
SPLUS-d443,127.54,-47.28
SPLUS-d445,131.66,-47.28
SPLUS-d446,133.71,-47.28
SPLUS-d452,122.83,-48.63
SPLUS-d455,129.18,-48.63
SPLUS-d456,131.30,-48.63
SPLUS-d457,133.41,-48.63
SPLUS-d466,130.12,-49.98
SPLUS-d467,132.29,-49.98
SPLUS-d468,134.46,-49.98
SPLUS-d477,131.93,-51.33
SPLUS-d478,134.16,-51.33
SPLUS-d487,132.99,-52.67
SPLUS-d504,134.70,-55.35
SPLUS-d510,131.83,-56.68
SPLUS-d511,134.37,-56.68
SPLUS-d517,134.02,-58.01
SPLUS-d522,132.63,-59.33
SPLUS-n01s01,150.79,0.00
SPLUS-n01s18,173.89,0.00
SPLUS-n01s19,175.25,0.00
SPLUS-n01s20,176.60,0.00
SPLUS-n01s21,177.96,0.00
SPLUS-n01s22,179.32,0.00
SPLUS-n01s23,180.68,0.00
SPLUS-n01s24,182.04,0.00
SPLUS-n01s25,183.40,0.00
SPLUS-n01s26,184.75,0.00
SPLUS-n01s27,186.11,0.00
SPLUS-n01s28,187.47,0.00
SPLUS-n01s37,199.70,0.00
SPLUS-n01s38,201.06,0.00
SPLUS-n02n01,150.79,1.36
SPLUS-n02n18,173.89,1.36
SPLUS-n02n19,175.25,1.36
SPLUS-n02n20,176.60,1.36
SPLUS-n02n21,177.96,1.36
SPLUS-n02n22,179.32,1.36
SPLUS-n02n23,180.68,1.36
SPLUS-n02n24,182.04,1.36
SPLUS-n02n25,183.40,1.36
SPLUS-n02n26,184.75,1.36
SPLUS-n02n27,186.11,1.36
SPLUS-n02n28,187.47,1.36
SPLUS-n02n44,209.21,1.36
SPLUS-n02s18,173.89,-1.36
SPLUS-n02s19,175.25,-1.36
SPLUS-n02s20,176.60,-1.36
SPLUS-n02s21,177.96,-1.36
SPLUS-n02s22,179.32,-1.36
SPLUS-n02s23,180.68,-1.36
SPLUS-n02s24,182.04,-1.36
SPLUS-n02s25,183.40,-1.36
SPLUS-n02s26,184.75,-1.36
SPLUS-n02s27,186.11,-1.36
SPLUS-n02s28,187.47,-1.36
SPLUS-n02s37,199.70,-1.36
SPLUS-n02s38,201.06,-1.36
SPLUS-n02s44,209.21,-1.36
SPLUS-n03n01,150.79,2.72
SPLUS-n03s18,173.89,-2.72
SPLUS-n03s19,175.25,-2.72
SPLUS-n03s20,176.60,-2.72
SPLUS-n03s21,177.96,-2.72
SPLUS-n03s22,179.32,-2.72
SPLUS-n03s23,180.68,-2.72
SPLUS-n03s24,182.04,-2.72
SPLUS-n03s25,183.40,-2.72
SPLUS-n03s26,184.75,-2.72
SPLUS-n03s27,186.11,-2.72
SPLUS-n03s28,187.47,-2.72
SPLUS-n03s43,207.85,-2.72
SPLUS-n03s44,209.21,-2.72
SPLUS-n04n01,150.79,4.07
SPLUS-n04s01,150.79,-4.07
SPLUS-n04s02,152.15,-4.07
SPLUS-n04s41,205.13,-4.07
SPLUS-n04s42,206.49,-4.07
SPLUS-n04s43,207.85,-4.07
SPLUS-n04s44,209.21,-4.07
SPLUS-n05n50,216.82,5.43
SPLUS-n05n53,220.91,5.43
SPLUS-n05n54,222.27,5.43
SPLUS-n05n55,223.64,5.43
SPLUS-n05s01,150.00,-5.43
SPLUS-n05s02,151.36,-5.43
SPLUS-n05s03,152.73,-5.43
SPLUS-n05s43,207.27,-5.43
SPLUS-n05s44,208.64,-5.43
SPLUS-n05s45,210.00,-5.43
SPLUS-n06s01,150.00,-6.78
SPLUS-n06s02,151.36,-6.78
SPLUS-n06s03,152.73,-6.78
SPLUS-n06s40,203.18,-6.78
SPLUS-n06s41,204.55,-6.78
SPLUS-n06s42,205.91,-6.78
SPLUS-n06s43,207.27,-6.78
SPLUS-n06s44,208.64,-6.78
SPLUS-n06s45,210.00,-6.78
SPLUS-n07s01,150.57,-8.14
SPLUS-n07s02,151.94,-8.14
SPLUS-n07s03,153.31,-8.14
SPLUS-n07s04,154.68,-8.14
SPLUS-n07s38,201.22,-8.14
SPLUS-n07s39,202.59,-8.14
SPLUS-n07s40,203.95,-8.14
SPLUS-n07s41,205.33,-8.14
SPLUS-n07s42,206.69,-8.14
SPLUS-n07s43,208.06,-8.14
SPLUS-n07s44,209.43,-8.14
SPLUS-n08s01,151.15,-9.49
SPLUS-n08s02,152.52,-9.49
SPLUS-n08s03,153.89,-9.49
SPLUS-n08s04,155.27,-9.49
SPLUS-n08s37,200.61,-9.49
SPLUS-n08s38,201.98,-9.49
SPLUS-n08s39,203.36,-9.49
SPLUS-n08s40,204.73,-9.49
SPLUS-n08s41,206.11,-9.49
SPLUS-n08s42,207.48,-9.49
SPLUS-n08s43,208.85,-9.49
SPLUS-n09s01,150.35,-10.84
SPLUS-n09s02,151.73,-10.84
SPLUS-n09s03,153.10,-10.84
SPLUS-n09s04,154.48,-10.84
SPLUS-n09s05,155.86,-10.84
SPLUS-n09s36,198.62,-10.84
SPLUS-n09s37,200.00,-10.84
SPLUS-n09s38,201.38,-10.84
SPLUS-n09s39,202.76,-10.84
SPLUS-n09s40,204.14,-10.84
SPLUS-n09s41,205.52,-10.84
SPLUS-n09s42,206.90,-10.84
SPLUS-n09s43,208.28,-10.84
SPLUS-n09s44,209.65,-10.84
SPLUS-n10s01,150.93,-12.18
SPLUS-n10s02,152.31,-12.18
SPLUS-n10s03,153.69,-12.18
SPLUS-n10s04,155.08,-12.18
SPLUS-n10s05,156.46,-12.18
SPLUS-n10s06,157.85,-12.18
SPLUS-n10s17,173.08,-12.18
SPLUS-n10s34,196.62,-12.18
SPLUS-n10s35,198.00,-12.18
SPLUS-n10s36,199.38,-12.18
SPLUS-n10s37,200.77,-12.18
SPLUS-n10s38,202.15,-12.18
SPLUS-n10s39,203.54,-12.18
SPLUS-n10s40,204.93,-12.18
SPLUS-n10s41,206.31,-12.18
SPLUS-n10s42,207.69,-12.18
SPLUS-n10s43,209.08,-12.18
SPLUS-n11s01,150.12,-13.53
SPLUS-n11s02,151.50,-13.53
SPLUS-n11s03,152.90,-13.53
SPLUS-n11s04,154.29,-13.53
SPLUS-n11s05,155.68,-13.53
SPLUS-n11s06,157.07,-13.53
SPLUS-n11s07,158.45,-13.53
SPLUS-n11s08,159.85,-13.53
SPLUS-n11s09,161.24,-13.53
SPLUS-n11s10,162.63,-13.53
SPLUS-n11s11,164.02,-13.53
SPLUS-n11s12,165.40,-13.53
SPLUS-n11s26,184.87,-13.53
SPLUS-n11s28,187.65,-13.53
SPLUS-n11s29,189.03,-13.53
SPLUS-n11s30,190.43,-13.53
SPLUS-n11s31,191.82,-13.53
SPLUS-n11s32,193.20,-13.53
SPLUS-n11s33,194.60,-13.53
SPLUS-n11s34,195.98,-13.53
SPLUS-n11s35,197.38,-13.53
SPLUS-n11s36,198.76,-13.53
SPLUS-n11s37,200.15,-13.53
SPLUS-n11s38,201.55,-13.53
SPLUS-n11s39,202.93,-13.53
SPLUS-n11s40,204.33,-13.53
SPLUS-n11s41,205.71,-13.53
SPLUS-n11s42,207.10,-13.53
SPLUS-n11s43,208.50,-13.53
SPLUS-n11s44,209.88,-13.53
SPLUS-n12s01,151.28,-14.88
SPLUS-n12s02,152.68,-14.88
SPLUS-n12s03,154.09,-14.88
SPLUS-n12s04,155.49,-14.88
SPLUS-n12s05,156.89,-14.88
SPLUS-n12s06,158.29,-14.88
SPLUS-n12s07,159.69,-14.88
SPLUS-n12s08,161.09,-14.88
SPLUS-n12s09,162.49,-14.88
SPLUS-n12s10,163.89,-14.88
SPLUS-n12s11,165.29,-14.88
SPLUS-n12s12,166.69,-14.88
SPLUS-n12s23,182.10,-14.88
SPLUS-n12s24,183.50,-14.88
SPLUS-n12s25,184.90,-14.88
SPLUS-n12s26,186.30,-14.88
SPLUS-n12s27,187.70,-14.88
SPLUS-n12s28,189.10,-14.88
SPLUS-n12s29,190.50,-14.88
SPLUS-n12s30,191.91,-14.88
SPLUS-n12s31,193.31,-14.88
SPLUS-n12s32,194.71,-14.88
SPLUS-n12s33,196.11,-14.88
SPLUS-n12s34,197.51,-14.88
SPLUS-n12s35,198.91,-14.88
SPLUS-n12s36,200.31,-14.88
SPLUS-n12s37,201.71,-14.88
SPLUS-n12s38,203.11,-14.88
SPLUS-n12s39,204.51,-14.88
SPLUS-n12s40,205.91,-14.88
SPLUS-n12s41,207.32,-14.88
SPLUS-n12s42,208.72,-14.88
SPLUS-n13s01,150.47,-16.22
SPLUS-n13s02,151.88,-16.22
SPLUS-n13s03,153.28,-16.22
SPLUS-n13s04,154.69,-16.22
SPLUS-n13s05,156.10,-16.22
SPLUS-n13s06,157.50,-16.22
SPLUS-n13s07,158.91,-16.22
SPLUS-n13s08,160.31,-16.22
SPLUS-n13s09,161.72,-16.22
SPLUS-n13s10,163.13,-16.22
SPLUS-n13s11,164.53,-16.22
SPLUS-n13s12,165.94,-16.22
SPLUS-n13s13,167.35,-16.22
SPLUS-n13s14,168.75,-16.22
SPLUS-n13s15,170.16,-16.22
SPLUS-n13s19,175.78,-16.22
SPLUS-n13s21,178.60,-16.22
SPLUS-n13s22,180.00,-16.22
SPLUS-n13s23,181.41,-16.22
SPLUS-n13s24,182.81,-16.22
SPLUS-n13s25,184.22,-16.22
SPLUS-n13s28,188.44,-16.22
SPLUS-n13s29,189.85,-16.22
SPLUS-n13s30,191.25,-16.22
SPLUS-n13s31,192.66,-16.22
SPLUS-n13s32,194.06,-16.22
SPLUS-n13s33,195.47,-16.22
SPLUS-n13s35,198.28,-16.22
SPLUS-n13s36,199.69,-16.22
SPLUS-n13s37,201.10,-16.22
SPLUS-n13s39,203.91,-16.22
SPLUS-n13s40,205.31,-16.22
SPLUS-n13s41,206.72,-16.22
SPLUS-n13s42,208.13,-16.22
SPLUS-n14s01,150.24,-17.56
SPLUS-n14s02,151.65,-17.56
SPLUS-n14s03,153.07,-17.56
SPLUS-n14s04,154.49,-17.56
SPLUS-n14s05,155.90,-17.56
SPLUS-n14s06,157.32,-17.56
SPLUS-n14s07,158.74,-17.56
SPLUS-n14s08,160.16,-17.56
SPLUS-n14s09,161.58,-17.56
SPLUS-n14s10,162.99,-17.56
SPLUS-n14s11,164.41,-17.56
SPLUS-n14s12,165.83,-17.56
SPLUS-n14s13,167.25,-17.56
SPLUS-n14s14,168.66,-17.56
SPLUS-n14s15,170.08,-17.56
SPLUS-n14s16,171.50,-17.56
SPLUS-n14s17,172.91,-17.56
SPLUS-n14s18,174.33,-17.56
SPLUS-n14s19,175.75,-17.56
SPLUS-n14s20,177.17,-17.56
SPLUS-n14s21,178.58,-17.56
SPLUS-n14s22,180.00,-17.56
SPLUS-n14s31,192.75,-17.56
SPLUS-n14s32,194.18,-17.56
SPLUS-n14s33,195.59,-17.56
SPLUS-n15s01,150.00,-18.90
SPLUS-n15s02,151.43,-18.90
SPLUS-n15s03,152.86,-18.90
SPLUS-n15s04,154.29,-18.90
SPLUS-n15s05,155.71,-18.90
SPLUS-n15s06,157.14,-18.90
SPLUS-n15s07,158.57,-18.90
SPLUS-n15s08,160.00,-18.90
SPLUS-n15s09,161.43,-18.90
SPLUS-n15s10,162.86,-18.90
SPLUS-n15s11,164.29,-18.90
SPLUS-n15s12,165.71,-18.90
SPLUS-n15s13,167.14,-18.90
SPLUS-n15s14,168.57,-18.90
SPLUS-n15s15,170.00,-18.90
SPLUS-n15s16,171.43,-18.90
SPLUS-n15s17,172.86,-18.90
SPLUS-n15s18,174.29,-18.90
SPLUS-n15s19,175.71,-18.90
SPLUS-n15s20,177.14,-18.90
SPLUS-n15s21,178.57,-18.90
SPLUS-n15s22,180.00,-18.90
SPLUS-n15s31,192.86,-18.90
SPLUS-n15s32,194.29,-18.90
SPLUS-n15s33,195.71,-18.90
SPLUS-n16s01,151.20,-20.24
SPLUS-n16s02,152.64,-20.24
SPLUS-n16s03,154.08,-20.24
SPLUS-n16s04,155.52,-20.24
SPLUS-n16s05,156.96,-20.24
SPLUS-n16s06,158.40,-20.24
SPLUS-n16s07,159.84,-20.24
SPLUS-n16s08,161.28,-20.24
SPLUS-n16s09,162.72,-20.24
SPLUS-n16s10,164.16,-20.24
SPLUS-n16s11,165.60,-20.24
SPLUS-n16s12,167.04,-20.24
SPLUS-n16s13,168.48,-20.24
SPLUS-n16s14,169.92,-20.24
SPLUS-n16s15,171.36,-20.24
SPLUS-n16s16,172.80,-20.24
SPLUS-n16s17,174.24,-20.24
SPLUS-n16s18,175.68,-20.24
SPLUS-n16s19,177.12,-20.24
SPLUS-n16s20,178.56,-20.24
SPLUS-n16s21,180.00,-20.24
SPLUS-n17s01,150.97,-21.58
SPLUS-n17s02,152.42,-21.58
SPLUS-n17s03,153.87,-21.58
SPLUS-n17s04,155.32,-21.58
SPLUS-n17s05,156.78,-21.58
SPLUS-n17s06,158.23,-21.58
SPLUS-n17s07,159.68,-21.58
SPLUS-n17s08,161.13,-21.58
SPLUS-n17s09,162.58,-21.58
SPLUS-n17s10,164.03,-21.58
SPLUS-n17s11,165.48,-21.58
SPLUS-n17s12,166.94,-21.58
SPLUS-n17s13,168.39,-21.58
SPLUS-n17s14,169.84,-21.58
SPLUS-n17s15,171.29,-21.58
SPLUS-n17s16,172.74,-21.58
SPLUS-n17s17,174.19,-21.58
SPLUS-n17s18,175.65,-21.58
SPLUS-n17s19,177.10,-21.58
SPLUS-n17s20,178.55,-21.58
SPLUS-n17s21,180.00,-21.58
SPLUS-n17s51,223.55,-21.58
SPLUS-n18s01,150.73,-22.92
SPLUS-n18s02,152.20,-22.92
SPLUS-n18s03,153.66,-22.92
SPLUS-n18s04,155.12,-22.92
SPLUS-n18s05,156.58,-22.92
SPLUS-n18s06,158.05,-22.92
SPLUS-n18s07,159.51,-22.92
SPLUS-n18s08,160.98,-22.92
SPLUS-n18s09,162.44,-22.92
SPLUS-n18s10,163.90,-22.92
SPLUS-n18s11,165.37,-22.92
SPLUS-n18s12,166.83,-22.92
SPLUS-n18s13,168.29,-22.92
SPLUS-n18s14,169.75,-22.92
SPLUS-n18s15,171.22,-22.92
SPLUS-n18s16,172.68,-22.92
SPLUS-n18s17,174.15,-22.92
SPLUS-n18s18,175.61,-22.92
SPLUS-n18s19,177.08,-22.92
SPLUS-n18s20,178.54,-22.92
SPLUS-n18s21,180.00,-22.92
SPLUS-n18s32,196.10,-22.92
SPLUS-n18s33,197.56,-22.92
SPLUS-n18s51,223.90,-22.92
SPLUS-n19s01,165.00,-24.25
SPLUS-n19s02,166.48,-24.25
SPLUS-n19s03,167.95,-24.25
SPLUS-n19s04,169.43,-24.25
SPLUS-n19s05,170.90,-24.25
SPLUS-n19s06,172.38,-24.25
SPLUS-n19s07,173.85,-24.25
SPLUS-n19s08,175.33,-24.25
SPLUS-n19s09,176.80,-24.25
SPLUS-n19s10,178.28,-24.25
SPLUS-n19s11,179.75,-24.25
SPLUS-n19s22,195.98,-24.25
SPLUS-n19s23,197.45,-24.25
SPLUS-n19s29,206.30,-24.25
SPLUS-n20s01,165.00,-25.59
SPLUS-n20s02,166.49,-25.59
SPLUS-n20s03,167.98,-25.59
SPLUS-n20s23,197.73,-25.59
SPLUS-n20s25,200.70,-25.59
SPLUS-n20s34,214.09,-25.59
SPLUS-n20s35,215.58,-25.59
SPLUS-n20s40,223.01,-25.59
SPLUS-s02s01,324.68,-1.36
SPLUS-s02s02,326.04,-1.36
SPLUS-s02s03,327.40,-1.36
SPLUS-s02s04,328.75,-1.36
SPLUS-s02s05,330.11,-1.36
SPLUS-s02s06,331.47,-1.36
SPLUS-s02s07,332.83,-1.36
SPLUS-s02s08,334.19,-1.36
SPLUS-s02s09,335.55,-1.36
SPLUS-s02s10,336.90,-1.36
SPLUS-s02s11,338.26,-1.36
SPLUS-s02s12,339.62,-1.36
SPLUS-s02s13,340.98,-1.36
SPLUS-s02s15,343.70,-1.36
SPLUS-s02s16,345.06,-1.36
SPLUS-s02s17,346.42,-1.36
SPLUS-s02s19,349.13,-1.36
SPLUS-s02s20,350.49,-1.36
SPLUS-s02s21,351.85,-1.36
SPLUS-s02s22,353.21,-1.36
SPLUS-s02s23,354.57,-1.36
SPLUS-s02s24,355.93,-1.36
SPLUS-s02s25,357.28,-1.36
SPLUS-s02s26,358.64,-1.36
SPLUS-s03s01,324.68,-2.72
SPLUS-s03s03,327.40,-2.72
SPLUS-s03s04,328.75,-2.72
SPLUS-s03s05,330.11,-2.72
SPLUS-s13s46,347.35,-16.22
SPLUS-s16s22,315.36,-20.24
SPLUS-s17s22,315.00,-21.58
SPLUS-s17s23,316.45,-21.58
SPLUS-s17s30,326.61,-21.58
SPLUS-s18s22,316.10,-22.92
SPLUS-s18s23,317.56,-22.92
SPLUS-s18s28,324.88,-22.92
SPLUS-s19s22,315.55,-24.25
SPLUS-s19s23,317.04,-24.25
SPLUS-s19s24,318.52,-24.25
SPLUS-s19s33,331.85,-24.25
SPLUS-s19s34,333.33,-24.25
SPLUS-s20s22,315.19,-25.59
SPLUS-s20s23,316.68,-25.59
SPLUS-s20s24,318.18,-25.59
SPLUS-s20s25,319.67,-25.59
SPLUS-s20s32,330.13,-25.59
SPLUS-s20s33,331.62,-25.59
SPLUS-s20s34,333.11,-25.59
SPLUS-s20s35,334.60,-25.59
SPLUS-s20s38,339.09,-25.59
SPLUS-s21s10,13.61,-26.92
SPLUS-s21s21,316.13,-26.92
SPLUS-s21s22,317.65,-26.92
SPLUS-s21s23,319.16,-26.92
SPLUS-s21s24,320.67,-26.92
SPLUS-s21s31,331.26,-26.92
SPLUS-s21s32,332.78,-26.92
SPLUS-s21s33,334.29,-26.92
SPLUS-s22s10,13.79,-28.25
SPLUS-s22s15,21.45,-28.25
SPLUS-s22s17,24.51,-28.25
SPLUS-s22s19,27.58,-28.25
SPLUS-s22s20,29.11,-28.25
SPLUS-s22s21,315.58,-28.25
SPLUS-s22s22,317.11,-28.25
SPLUS-s22s23,318.64,-28.25
SPLUS-s22s24,320.17,-28.25
SPLUS-s22s32,332.43,-28.25
SPLUS-s22s33,333.96,-28.25
SPLUS-s22s34,335.49,-28.25
SPLUS-s23s01,0.02,-29.58
SPLUS-s23s02,1.55,-29.58
SPLUS-s23s03,3.10,-29.58
SPLUS-s23s04,4.65,-29.58
SPLUS-s23s05,6.21,-29.58
SPLUS-s23s06,7.76,-29.58
SPLUS-s23s08,10.86,-29.58
SPLUS-s23s09,12.41,-29.58
SPLUS-s23s10,13.97,-29.58
SPLUS-s23s11,15.52,-29.58
SPLUS-s23s12,17.07,-29.58
SPLUS-s23s13,18.62,-29.58
SPLUS-s23s14,20.17,-29.58
SPLUS-s23s15,21.73,-29.58
SPLUS-s23s16,23.28,-29.58
SPLUS-s23s17,24.83,-29.58
SPLUS-s23s18,26.38,-29.58
SPLUS-s23s19,27.93,-29.58
SPLUS-s23s20,29.48,-29.58
SPLUS-s23s21,315.00,-29.58
SPLUS-s23s22,316.55,-29.58
SPLUS-s23s23,318.10,-29.58
SPLUS-s23s24,319.65,-29.58
SPLUS-s23s25,321.21,-29.58
SPLUS-s23s26,322.76,-29.58
SPLUS-s23s27,324.31,-29.58
SPLUS-s23s28,325.86,-29.58
SPLUS-s23s29,327.41,-29.58
SPLUS-s23s30,328.97,-29.58
SPLUS-s23s31,330.52,-29.58
SPLUS-s23s32,332.07,-29.58
SPLUS-s23s33,333.62,-29.58
SPLUS-s23s34,335.17,-29.58
SPLUS-s23s35,336.73,-29.58
SPLUS-s23s36,338.28,-29.58
SPLUS-s23s37,339.83,-29.58
SPLUS-s23s38,341.38,-29.58
SPLUS-s23s39,342.93,-29.58
SPLUS-s23s41,346.03,-29.58
SPLUS-s23s42,347.59,-29.58
SPLUS-s23s43,349.14,-29.58
SPLUS-s23s44,350.69,-29.58
SPLUS-s23s45,352.24,-29.58
SPLUS-s23s46,353.79,-29.58
SPLUS-s23s47,355.35,-29.58
SPLUS-s23s48,356.90,-29.58
SPLUS-s23s49,358.45,-29.58
SPLUS-s24s01,0.02,-30.90
SPLUS-s24s02,1.57,-30.90
SPLUS-s24s03,3.15,-30.90
SPLUS-s24s04,4.72,-30.90
SPLUS-s24s05,6.29,-30.90
SPLUS-s24s07,9.43,-30.90
SPLUS-s24s08,11.00,-30.90
SPLUS-s24s09,12.58,-30.90
SPLUS-s24s10,14.15,-30.90
SPLUS-s24s11,15.72,-30.90
SPLUS-s24s12,17.29,-30.90
SPLUS-s24s13,18.87,-30.90
SPLUS-s24s14,20.44,-30.90
SPLUS-s24s15,22.01,-30.90
SPLUS-s24s16,23.58,-30.90
SPLUS-s24s17,25.15,-30.90
SPLUS-s24s18,26.73,-30.90
SPLUS-s24s19,28.30,-30.90
SPLUS-s24s20,29.87,-30.90
SPLUS-s24s21,31.44,-30.90
SPLUS-s24s22,33.01,-30.90
SPLUS-s24s23,34.58,-30.90
SPLUS-s24s24,36.16,-30.90
SPLUS-s24s25,37.73,-30.90
SPLUS-s24s26,39.30,-30.90
SPLUS-s24s27,40.88,-30.90
SPLUS-s24s28,42.45,-30.90
SPLUS-s24s29,44.02,-30.90
SPLUS-s24s31,47.16,-30.90
SPLUS-s24s32,48.73,-30.90
SPLUS-s24s33,50.30,-30.90
SPLUS-s24s34,51.88,-30.90
SPLUS-s24s35,53.45,-30.90
SPLUS-s24s36,55.02,-30.90
SPLUS-s24s37,56.60,-30.90
SPLUS-s24s38,58.17,-30.90
SPLUS-s24s39,59.74,-30.90
SPLUS-s24s40,61.31,-30.90
SPLUS-s24s41,62.88,-30.90
SPLUS-s24s42,64.45,-30.90
SPLUS-s24s43,66.03,-30.90
SPLUS-s24s44,67.60,-30.90
SPLUS-s24s45,69.17,-30.90
SPLUS-s24s46,70.74,-30.90
SPLUS-s24s47,72.31,-30.90
SPLUS-s24s48,73.89,-30.90
SPLUS-s24s49,315.98,-30.90
SPLUS-s24s50,317.55,-30.90
SPLUS-s24s51,319.13,-30.90
SPLUS-s24s52,320.70,-30.90
SPLUS-s24s53,322.27,-30.90
SPLUS-s24s54,323.84,-30.90
SPLUS-s24s55,325.42,-30.90
SPLUS-s24s56,326.99,-30.90
SPLUS-s24s57,328.56,-30.90
SPLUS-s24s58,330.13,-30.90
SPLUS-s24s59,331.70,-30.90
SPLUS-s24s61,334.85,-30.90
SPLUS-s24s62,336.42,-30.90
SPLUS-s24s63,337.99,-30.90
SPLUS-s24s64,339.56,-30.90
SPLUS-s24s65,341.13,-30.90
SPLUS-s24s66,342.71,-30.90
SPLUS-s24s67,344.28,-30.90
SPLUS-s24s68,345.85,-30.90
SPLUS-s24s69,347.43,-30.90
SPLUS-s24s70,349.00,-30.90
SPLUS-s24s71,350.57,-30.90
SPLUS-s24s72,352.14,-30.90
SPLUS-s24s73,353.71,-30.90
SPLUS-s24s74,355.28,-30.90
SPLUS-s24s75,356.85,-30.90
SPLUS-s24s76,358.43,-30.90
SPLUS-s25s07,9.56,-32.23
SPLUS-s25s08,11.15,-32.23
SPLUS-s25s09,12.74,-32.23
SPLUS-s25s10,14.34,-32.23
SPLUS-s25s12,17.52,-32.23
SPLUS-s25s13,19.12,-32.23
SPLUS-s25s14,20.71,-32.23
SPLUS-s25s15,22.30,-32.23
SPLUS-s25s16,23.90,-32.23
SPLUS-s25s17,25.49,-32.23
SPLUS-s25s18,27.08,-32.23
SPLUS-s25s19,28.67,-32.23
SPLUS-s25s20,30.27,-32.23
SPLUS-s25s21,31.86,-32.23
SPLUS-s25s22,33.45,-32.23
SPLUS-s25s23,35.05,-32.23
SPLUS-s25s24,36.64,-32.23
SPLUS-s25s26,39.83,-32.23
SPLUS-s25s27,41.42,-32.23
SPLUS-s25s28,43.01,-32.23
SPLUS-s25s29,44.60,-32.23
SPLUS-s25s30,46.20,-32.23
SPLUS-s25s31,47.79,-32.23
SPLUS-s25s32,49.38,-32.23
SPLUS-s25s33,50.98,-32.23
SPLUS-s25s34,52.57,-32.23
SPLUS-s25s35,54.16,-32.23
SPLUS-s25s36,55.75,-32.23
SPLUS-s25s37,57.35,-32.23
SPLUS-s25s38,58.94,-32.23
SPLUS-s25s39,60.53,-32.23
SPLUS-s25s40,62.13,-32.23
SPLUS-s25s43,66.90,-32.23
SPLUS-s25s44,68.50,-32.23
SPLUS-s25s45,70.09,-32.23
SPLUS-s25s46,71.68,-32.23
SPLUS-s25s47,73.28,-32.23
SPLUS-s25s48,74.87,-32.23
SPLUS-s25s49,315.40,-32.23
SPLUS-s25s50,316.99,-32.23
SPLUS-s25s51,318.58,-32.23
SPLUS-s25s52,320.18,-32.23
SPLUS-s26s07,9.69,-33.55
SPLUS-s26s08,11.30,-33.55
SPLUS-s26s09,12.92,-33.55
SPLUS-s26s10,14.53,-33.55
SPLUS-s26s11,16.14,-33.55
SPLUS-s26s12,17.76,-33.55
SPLUS-s26s13,19.37,-33.55
SPLUS-s26s14,20.99,-33.55
SPLUS-s26s15,22.60,-33.55
SPLUS-s26s16,24.22,-33.55
SPLUS-s26s17,25.83,-33.55
SPLUS-s26s18,27.45,-33.55
SPLUS-s26s19,29.06,-33.55
SPLUS-s26s20,30.67,-33.55
SPLUS-s26s21,32.29,-33.55
SPLUS-s26s22,33.90,-33.55
SPLUS-s26s23,35.52,-33.55
SPLUS-s26s24,37.13,-33.55
SPLUS-s26s25,38.75,-33.55
SPLUS-s26s26,40.36,-33.55
SPLUS-s26s27,41.98,-33.55
SPLUS-s26s28,43.59,-33.55
SPLUS-s26s29,45.20,-33.55
SPLUS-s26s30,46.82,-33.55
SPLUS-s26s31,48.43,-33.55
SPLUS-s26s32,50.05,-33.55
SPLUS-s26s33,51.66,-33.55
SPLUS-s26s34,53.28,-33.55
SPLUS-s26s35,54.89,-33.55
SPLUS-s26s36,56.50,-33.55
SPLUS-s26s37,58.12,-33.55
SPLUS-s26s38,59.73,-33.55
SPLUS-s26s39,61.35,-33.55
SPLUS-s26s40,62.96,-33.55
SPLUS-s26s41,64.58,-33.55
SPLUS-s26s42,66.19,-33.55
SPLUS-s26s43,67.80,-33.55
SPLUS-s26s44,69.42,-33.55
SPLUS-s26s45,71.03,-33.55
SPLUS-s26s47,74.26,-33.55
SPLUS-s26s48,316.41,-33.55
SPLUS-s26s49,318.03,-33.55
SPLUS-s26s50,319.64,-33.55
SPLUS-s26s51,321.25,-33.55
SPLUS-s27s07,9.86,-34.87
SPLUS-s27s08,11.51,-34.87
SPLUS-s27s09,13.15,-34.87
SPLUS-s27s10,14.80,-34.87
SPLUS-s27s11,16.44,-34.87
SPLUS-s27s12,18.08,-34.87
SPLUS-s27s13,19.73,-34.87
SPLUS-s27s14,21.37,-34.87
SPLUS-s27s15,23.01,-34.87
SPLUS-s27s16,24.66,-34.87
SPLUS-s27s17,26.30,-34.87
SPLUS-s27s18,27.95,-34.87
SPLUS-s27s19,29.59,-34.87
SPLUS-s27s20,31.23,-34.87
SPLUS-s27s21,32.88,-34.87
SPLUS-s27s22,34.52,-34.87
SPLUS-s27s23,36.16,-34.87
SPLUS-s27s24,37.81,-34.87
SPLUS-s27s25,39.45,-34.87
SPLUS-s27s26,41.10,-34.87
SPLUS-s27s27,42.74,-34.87
SPLUS-s27s28,44.38,-34.87
SPLUS-s27s29,46.03,-34.87
SPLUS-s27s30,47.67,-34.87
SPLUS-s27s31,49.32,-34.87
SPLUS-s27s32,50.96,-34.87
SPLUS-s27s33,52.60,-34.87
SPLUS-s27s34,54.25,-34.87
SPLUS-s27s35,55.89,-34.87
SPLUS-s27s36,57.53,-34.87
SPLUS-s27s37,59.18,-34.87
SPLUS-s27s38,60.82,-34.87
SPLUS-s27s39,62.47,-34.87
SPLUS-s27s40,64.11,-34.87
SPLUS-s27s41,65.75,-34.87
SPLUS-s27s42,67.40,-34.87
SPLUS-s27s43,69.04,-34.87
SPLUS-s27s44,70.68,-34.87
SPLUS-s27s45,72.33,-34.87
SPLUS-s27s46,73.97,-34.87
SPLUS-s27s47,315.62,-34.87
SPLUS-s27s48,317.26,-34.87
SPLUS-s27s49,318.90,-34.87
SPLUS-s28s28,45.00,-36.19
SPLUS-s28s29,46.67,-36.19
SPLUS-s28s30,48.33,-36.19
SPLUS-s28s31,50.00,-36.19
SPLUS-s28s32,51.67,-36.19
SPLUS-s28s33,53.33,-36.19
SPLUS-s28s34,55.00,-36.19
SPLUS-s28s35,56.67,-36.19
SPLUS-s28s36,58.33,-36.19
SPLUS-s28s37,60.00,-36.19
SPLUS-s28s38,61.67,-36.19
SPLUS-s28s39,63.33,-36.19
SPLUS-s28s40,65.00,-36.19
SPLUS-s28s41,66.67,-36.19
SPLUS-s28s42,68.33,-36.19
SPLUS-s28s43,70.00,-36.19
SPLUS-s28s44,71.67,-36.19
SPLUS-s28s45,73.33,-36.19
SPLUS-s28s46,75.00,-36.19
SPLUS-s28s47,315.00,-36.19
SPLUS-s28s48,316.67,-36.19
SPLUS-s28s49,318.33,-36.19
SPLUS-s29s28,45.85,-37.51
SPLUS-s29s29,47.55,-37.51
SPLUS-s29s30,49.25,-37.51
SPLUS-s29s31,50.94,-37.51
SPLUS-s29s32,52.64,-37.51
SPLUS-s29s33,54.34,-37.51
SPLUS-s29s34,56.04,-37.51
SPLUS-s29s35,57.74,-37.51
SPLUS-s29s36,59.43,-37.51
SPLUS-s29s37,61.13,-37.51
SPLUS-s29s38,62.83,-37.51
SPLUS-s29s39,64.53,-37.51
SPLUS-s29s40,66.23,-37.51
SPLUS-s29s41,67.93,-37.51
SPLUS-s29s42,69.62,-37.51
SPLUS-s29s43,71.32,-37.51
SPLUS-s29s44,73.02,-37.51
SPLUS-s29s45,74.72,-37.51
SPLUS-s29s46,315.85,-37.51
SPLUS-s29s47,317.55,-37.51
SPLUS-s29s48,319.25,-37.51
SPLUS-s29s65,348.11,-37.51
SPLUS-s30s23,37.90,-38.82
SPLUS-s30s28,46.51,-38.82
SPLUS-s30s29,48.23,-38.82
SPLUS-s30s30,49.95,-38.82
SPLUS-s30s31,51.68,-38.82
SPLUS-s30s32,53.40,-38.82
SPLUS-s30s33,55.12,-38.82
SPLUS-s30s34,56.84,-38.82
SPLUS-s30s35,58.57,-38.82
SPLUS-s30s36,60.29,-38.82
SPLUS-s30s37,62.01,-38.82
SPLUS-s30s38,63.73,-38.82
SPLUS-s30s39,65.45,-38.82
SPLUS-s30s40,67.18,-38.82
SPLUS-s30s41,68.90,-38.82
SPLUS-s30s42,70.62,-38.82
SPLUS-s30s43,72.35,-38.82
SPLUS-s30s45,315.22,-38.82
SPLUS-s30s47,318.66,-38.82
SPLUS-s31s10,15.80,-40.14
SPLUS-s31s23,38.63,-40.14
SPLUS-s31s28,47.42,-40.14
SPLUS-s31s29,49.17,-40.14
SPLUS-s31s30,50.93,-40.14
SPLUS-s31s31,52.68,-40.14
SPLUS-s31s32,54.44,-40.14
SPLUS-s31s33,56.20,-40.14
SPLUS-s31s34,57.95,-40.14
SPLUS-s31s35,59.71,-40.14
SPLUS-s31s36,61.46,-40.14
SPLUS-s31s37,63.22,-40.14
SPLUS-s31s38,64.98,-40.14
SPLUS-s31s39,66.73,-40.14
SPLUS-s31s40,68.49,-40.14
SPLUS-s31s41,70.25,-40.14
SPLUS-s31s42,72.00,-40.14
SPLUS-s31s44,316.10,-40.14
SPLUS-s31s45,317.85,-40.14
SPLUS-s31s58,340.68,-40.14
SPLUS-s32s22,37.61,-41.45
SPLUS-s32s28,48.36,-41.45
SPLUS-s32s29,50.15,-41.45
SPLUS-s32s30,51.94,-41.45
SPLUS-s32s31,53.73,-41.45
SPLUS-s32s32,55.52,-41.45
SPLUS-s32s33,57.31,-41.45
SPLUS-s32s34,59.10,-41.45
SPLUS-s32s35,60.90,-41.45
SPLUS-s32s36,62.69,-41.45
SPLUS-s32s37,64.48,-41.45
SPLUS-s32s38,66.27,-41.45
SPLUS-s32s39,68.06,-41.45
SPLUS-s32s40,69.85,-41.45
SPLUS-s32s41,71.64,-41.45
SPLUS-s32s42,73.43,-41.45
SPLUS-s32s43,315.23,-41.45
SPLUS-s32s44,317.02,-41.45
SPLUS-s32s45,318.80,-41.45
SPLUS-s32s65,354.63,-41.45
SPLUS-s33s06,9.14,-42.76
SPLUS-s33s29,51.17,-42.76
SPLUS-s33s30,53.00,-42.76
SPLUS-s33s31,54.82,-42.76
SPLUS-s33s32,56.65,-42.76
SPLUS-s33s33,58.48,-42.76
SPLUS-s33s34,60.30,-42.76
SPLUS-s33s35,62.13,-42.76
SPLUS-s33s36,63.96,-42.76
SPLUS-s33s37,65.79,-42.76
SPLUS-s33s38,67.61,-42.76
SPLUS-s33s39,69.44,-42.76
SPLUS-s33s40,71.27,-42.76
SPLUS-s33s41,73.10,-42.76
SPLUS-s33s42,74.93,-42.76
SPLUS-s33s43,316.14,-42.76
SPLUS-s33s44,317.97,-42.76
SPLUS-s34s21,37.30,-44.07
SPLUS-s34s28,50.36,-44.07
SPLUS-s34s29,52.23,-44.07
SPLUS-s34s30,54.09,-44.07
SPLUS-s34s31,55.96,-44.07
SPLUS-s34s32,57.83,-44.07
SPLUS-s34s33,59.69,-44.07
SPLUS-s34s34,61.55,-44.07
SPLUS-s34s35,63.42,-44.07
SPLUS-s34s36,65.28,-44.07
SPLUS-s34s37,67.15,-44.07
SPLUS-s34s38,69.02,-44.07
SPLUS-s34s39,70.88,-44.07
SPLUS-s34s40,72.75,-44.07
SPLUS-s34s41,74.61,-44.07
SPLUS-s34s42,315.23,-44.07
SPLUS-s34s43,317.10,-44.07
SPLUS-s35s28,51.43,-45.37
SPLUS-s35s29,53.33,-45.37
SPLUS-s35s30,55.24,-45.37
SPLUS-s35s31,57.14,-45.37
SPLUS-s35s32,59.05,-45.37
SPLUS-s35s33,60.95,-45.37
SPLUS-s35s34,62.86,-45.37
SPLUS-s35s35,64.76,-45.37
SPLUS-s35s36,66.67,-45.37
SPLUS-s35s37,68.57,-45.37
SPLUS-s35s38,70.48,-45.37
SPLUS-s35s39,72.38,-45.37
SPLUS-s35s40,74.29,-45.37
SPLUS-s35s41,316.19,-45.37
SPLUS-s35s45,323.81,-45.37
SPLUS-s36s17,31.30,-46.67
SPLUS-s36s28,52.83,-46.67
SPLUS-s36s29,54.78,-46.67
SPLUS-s36s30,56.74,-46.67
SPLUS-s36s31,58.70,-46.67
SPLUS-s36s32,60.65,-46.67
SPLUS-s36s33,62.61,-46.67
SPLUS-s36s34,64.57,-46.67
SPLUS-s36s35,66.52,-46.67
SPLUS-s36s36,68.48,-46.67
SPLUS-s36s37,70.43,-46.67
SPLUS-s36s38,72.39,-46.67
SPLUS-s36s39,74.35,-46.67
SPLUS-s36s40,315.00,-46.67
SPLUS-s36s41,316.96,-46.67
SPLUS-s36s48,330.65,-46.67
SPLUS-s37s20,38.00,-47.97
SPLUS-s37s28,54.00,-47.97
SPLUS-s37s29,56.00,-47.97
SPLUS-s37s30,58.00,-47.97
SPLUS-s37s31,60.00,-47.97
SPLUS-s37s32,62.00,-47.97
SPLUS-s37s33,64.00,-47.97
SPLUS-s37s34,66.00,-47.97
SPLUS-s37s35,68.00,-47.97
SPLUS-s37s36,70.00,-47.97
SPLUS-s37s37,72.00,-47.97
SPLUS-s37s38,74.00,-47.97
SPLUS-s37s39,316.00,-47.97
SPLUS-s37s44,326.00,-47.97
SPLUS-s38s05,8.18,-49.27
SPLUS-s38s27,53.18,-49.27
SPLUS-s38s28,55.23,-49.27
SPLUS-s38s29,57.27,-49.27
SPLUS-s38s30,59.32,-49.27
SPLUS-s38s31,61.36,-49.27
SPLUS-s38s32,63.41,-49.27
SPLUS-s38s33,65.45,-49.27
SPLUS-s38s34,67.50,-49.27
SPLUS-s38s35,69.55,-49.27
SPLUS-s38s36,71.59,-49.27
SPLUS-s38s37,73.64,-49.27
SPLUS-s38s38,315.00,-49.27
SPLUS-s38s47,333.41,-49.27
SPLUS-s39s20,40.00,-50.56
SPLUS-s39s24,48.42,-50.56
SPLUS-s39s25,50.52,-50.56
SPLUS-s39s27,54.74,-50.56
SPLUS-s39s28,56.84,-50.56
SPLUS-s39s29,58.95,-50.56
SPLUS-s39s30,61.05,-50.56
SPLUS-s39s31,63.16,-50.56
SPLUS-s39s32,65.26,-50.56
SPLUS-s39s33,67.37,-50.56
SPLUS-s39s34,69.48,-50.56
SPLUS-s39s35,71.58,-50.56
SPLUS-s39s36,73.68,-50.56
SPLUS-s39s37,315.79,-50.56
SPLUS-s39s38,317.90,-50.56
SPLUS-s40s17,34.70,-51.85
SPLUS-s40s26,54.22,-51.85
SPLUS-s40s27,56.39,-51.85
SPLUS-s40s28,58.55,-51.85
SPLUS-s40s29,60.72,-51.85
SPLUS-s40s30,62.89,-51.85
SPLUS-s40s31,65.06,-51.85
SPLUS-s40s32,67.23,-51.85
SPLUS-s40s33,69.40,-51.85
SPLUS-s40s34,71.57,-51.85
SPLUS-s40s35,73.73,-51.85
SPLUS-s41s26,55.55,-53.14
SPLUS-s41s27,57.78,-53.14
SPLUS-s41s28,60.00,-53.14
SPLUS-s41s29,62.22,-53.14
SPLUS-s41s30,64.45,-53.14
SPLUS-s41s31,66.67,-53.14
SPLUS-s41s32,68.89,-53.14
SPLUS-s41s33,71.11,-53.14
SPLUS-s41s34,73.33,-53.14
SPLUS-s42s20,43.57,-54.43
SPLUS-s42s25,55.03,-54.43
SPLUS-s42s26,57.33,-54.43
SPLUS-s42s27,59.62,-54.43
SPLUS-s42s28,61.91,-54.43
SPLUS-s42s29,64.20,-54.43
SPLUS-s42s30,66.50,-54.43
SPLUS-s42s31,68.79,-54.43
SPLUS-s42s32,71.08,-54.43
SPLUS-s42s33,73.38,-54.43
SPLUS-s42s34,316.43,-54.43
SPLUS-s42s51,355.41,-54.43
SPLUS-s43s21,47.37,-55.71
SPLUS-s43s22,49.74,-55.71
SPLUS-s43s24,54.48,-55.71
SPLUS-s43s25,56.84,-55.71
SPLUS-s43s26,59.21,-55.71
SPLUS-s43s27,61.58,-55.71
SPLUS-s43s28,63.95,-55.71
SPLUS-s43s29,66.32,-55.71
SPLUS-s43s30,68.68,-55.71
SPLUS-s43s31,71.05,-55.71
SPLUS-s43s32,73.42,-55.71
SPLUS-s43s46,345.79,-55.71
SPLUS-s44s23,53.88,-56.99
SPLUS-s44s24,56.33,-56.99
SPLUS-s44s25,58.78,-56.99
SPLUS-s44s26,61.23,-56.99
SPLUS-s44s27,63.68,-56.99
SPLUS-s44s28,66.12,-56.99
SPLUS-s44s29,68.57,-56.99
SPLUS-s44s30,71.02,-56.99
SPLUS-s44s31,73.47,-56.99
SPLUS-s45s22,53.24,-58.26
SPLUS-s45s23,55.78,-58.26
SPLUS-s45s24,58.31,-58.26
SPLUS-s45s25,60.85,-58.26
SPLUS-s45s26,63.38,-58.26
SPLUS-s45s27,65.92,-58.26
SPLUS-s45s28,68.45,-58.26
SPLUS-s45s29,70.99,-58.26
SPLUS-s45s30,73.52,-58.26
SPLUS-s45s31,316.90,-58.26
SPLUS-s45s41,342.25,-58.26
SPLUS-s46s01,0.02,-59.53
SPLUS-s46s02,2.63,-59.53
SPLUS-s46s22,55.18,-59.53
SPLUS-s46s23,57.81,-59.53
SPLUS-s46s24,60.44,-59.53
SPLUS-s46s25,63.07,-59.53
SPLUS-s46s26,65.69,-59.53
SPLUS-s46s27,68.32,-59.53
SPLUS-s46s28,70.95,-59.53
SPLUS-s46s29,73.58,-59.53
SPLUS-s46s32,320.58,-59.53
SPLUS-s46s40,341.60,-59.53
STRIPE82-0001,0.00,-0.70
STRIPE82-0002,0.00,0.70
STRIPE82-0003,1.42,-0.70
STRIPE82-0004,1.42,0.70
STRIPE82-0005,2.83,-0.70
STRIPE82-0006,2.83,0.70
STRIPE82-0007,4.25,-0.70
STRIPE82-0008,4.25,0.70
STRIPE82-0009,5.67,-0.70
STRIPE82-0010,5.67,0.70
STRIPE82-0011,7.09,-0.70
STRIPE82-0012,7.09,0.70
STRIPE82-0013,8.50,-0.70
STRIPE82-0014,8.50,0.70
STRIPE82-0015,9.92,-0.70
STRIPE82-0016,9.92,0.70
STRIPE82-0017,11.34,-0.70
STRIPE82-0018,11.34,0.70
STRIPE82-0019,12.75,-0.70
STRIPE82-0020,12.75,0.70
STRIPE82-0021,14.18,-0.70
STRIPE82-0022,14.18,0.70
STRIPE82-0023,15.59,-0.70
STRIPE82-0024,15.59,0.70
STRIPE82-0025,17.01,-0.70
STRIPE82-0026,17.01,0.70
STRIPE82-0027,18.43,-0.70
STRIPE82-0028,18.43,0.70
STRIPE82-0029,19.84,-0.70
STRIPE82-0030,19.84,0.70
STRIPE82-0031,21.26,-0.70
STRIPE82-0032,21.26,0.70
STRIPE82-0033,22.68,-0.70
STRIPE82-0034,22.68,0.70
STRIPE82-0035,24.10,-0.70
STRIPE82-0036,24.10,0.70
STRIPE82-0037,25.51,-0.70
STRIPE82-0038,25.51,0.70
STRIPE82-0039,26.93,-0.70
STRIPE82-0040,26.93,0.70
STRIPE82-0041,28.35,-0.70
STRIPE82-0042,28.35,0.70
STRIPE82-0043,29.76,-0.70
STRIPE82-0044,29.76,0.70
STRIPE82-0045,31.18,-0.70
STRIPE82-0046,31.18,0.70
STRIPE82-0047,32.60,-0.70
STRIPE82-0048,32.60,0.70
STRIPE82-0049,34.02,-0.70
STRIPE82-0050,34.02,0.70
STRIPE82-0051,35.43,-0.70
STRIPE82-0052,35.43,0.70
STRIPE82-0053,36.85,-0.70
STRIPE82-0054,36.85,0.70
STRIPE82-0055,38.27,-0.70
STRIPE82-0056,38.27,0.70
STRIPE82-0057,39.68,-0.70
STRIPE82-0058,39.68,0.70
STRIPE82-0059,41.10,-0.70
STRIPE82-0060,41.10,0.70
STRIPE82-0061,42.52,-0.70
STRIPE82-0062,42.52,0.70
STRIPE82-0063,43.94,-0.70
STRIPE82-0064,43.94,0.70
STRIPE82-0065,45.35,-0.70
STRIPE82-0066,45.35,0.70
STRIPE82-0067,46.77,-0.70
STRIPE82-0068,46.77,0.70
STRIPE82-0069,48.19,-0.70
STRIPE82-0070,48.19,0.70
STRIPE82-0071,49.61,-0.70
STRIPE82-0072,49.61,0.70
STRIPE82-0073,51.03,-0.70
STRIPE82-0074,51.03,0.70
STRIPE82-0075,52.44,-0.70
STRIPE82-0076,52.44,0.70
STRIPE82-0077,53.86,-0.70
STRIPE82-0078,53.86,0.70
STRIPE82-0079,55.28,-0.70
STRIPE82-0080,55.28,0.70
STRIPE82-0081,56.69,-0.70
STRIPE82-0082,56.69,0.70
STRIPE82-0083,58.11,-0.70
STRIPE82-0084,58.11,0.70
STRIPE82-0085,59.53,-0.70
STRIPE82-0086,59.53,0.70
STRIPE82-0087,300.47,-0.70
STRIPE82-0088,300.47,0.70
STRIPE82-0089,301.89,-0.70
STRIPE82-0090,301.89,0.70
STRIPE82-0091,303.31,-0.70
STRIPE82-0092,303.31,0.70
STRIPE82-0093,304.73,-0.70
STRIPE82-0094,304.73,0.70
STRIPE82-0095,306.14,-0.70
STRIPE82-0096,306.14,0.70
STRIPE82-0097,307.56,-0.70
STRIPE82-0098,307.56,0.70
STRIPE82-0099,308.98,-0.70
STRIPE82-0100,308.98,0.70
STRIPE82-0101,310.39,-0.70
STRIPE82-0102,310.39,0.70
STRIPE82-0103,311.81,-0.70
STRIPE82-0104,311.81,0.70
STRIPE82-0105,313.23,-0.70
STRIPE82-0106,313.23,0.70
STRIPE82-0107,314.65,-0.70
STRIPE82-0108,314.65,0.70
STRIPE82-0109,316.06,-0.70
STRIPE82-0110,316.06,0.70
STRIPE82-0111,317.48,-0.70
STRIPE82-0112,317.48,0.70
STRIPE82-0113,318.90,-0.70
STRIPE82-0114,318.90,0.70
STRIPE82-0115,320.32,-0.70
STRIPE82-0116,320.32,0.70
STRIPE82-0117,321.73,-0.70
STRIPE82-0118,321.73,0.70
STRIPE82-0119,323.15,-0.70
STRIPE82-0120,323.15,0.70
STRIPE82-0121,324.57,-0.70
STRIPE82-0122,324.57,0.70
STRIPE82-0123,325.98,-0.70
STRIPE82-0124,325.98,0.70
STRIPE82-0125,327.40,-0.70
STRIPE82-0126,327.40,0.70
STRIPE82-0127,328.82,-0.70
STRIPE82-0128,328.82,0.70
STRIPE82-0129,330.24,-0.70
STRIPE82-0130,330.24,0.70
STRIPE82-0131,331.65,-0.70
STRIPE82-0132,331.65,0.70
STRIPE82-0133,333.07,-0.70
STRIPE82-0134,333.07,0.70
STRIPE82-0135,334.49,-0.70
STRIPE82-0136,334.49,0.70
STRIPE82-0137,335.90,-0.70
STRIPE82-0138,335.90,0.70
STRIPE82-0139,337.32,-0.70
STRIPE82-0140,337.32,0.70
STRIPE82-0141,338.74,-0.70
STRIPE82-0142,338.74,0.70
STRIPE82-0143,340.16,-0.70
STRIPE82-0144,340.16,0.70
STRIPE82-0145,341.58,-0.70
STRIPE82-0146,341.58,0.70
STRIPE82-0147,342.99,-0.70
STRIPE82-0148,342.99,0.70
STRIPE82-0149,344.41,-0.70
STRIPE82-0150,344.41,0.70
STRIPE82-0151,345.83,-0.70
STRIPE82-0152,345.83,0.70
STRIPE82-0153,347.25,-0.70
STRIPE82-0154,347.25,0.70
STRIPE82-0155,348.66,-0.70
STRIPE82-0156,348.66,0.70
STRIPE82-0157,350.08,-0.70
STRIPE82-0158,350.08,0.70
STRIPE82-0159,351.50,-0.70
STRIPE82-0160,351.50,0.70
STRIPE82-0161,352.91,-0.70
STRIPE82-0162,352.91,0.70
STRIPE82-0163,354.33,-0.70
STRIPE82-0164,354.33,0.70
STRIPE82-0165,355.75,-0.70
STRIPE82-0166,355.75,0.70
STRIPE82-0167,357.17,-0.70
STRIPE82-0168,357.17,0.70
STRIPE82-0169,358.58,-0.70
STRIPE82-0170,358.58,0.70